更新日期,股票代號,股票名稱,最新收盤價,總分,符合條件
2026-10-02,4958,臻鼎-KY         ,561.0,5,1.均線糾結、3.帶量突破、4.外資連買3天、5.法人今日同買、7.站上20周線
2026-10-02,8021,尖點            ,553.0,5,2.極致量縮、3.帶量突破、4.外資連買3天、5.法人今日同買、7.站上20周線
2026-10-02,2634,漢翔            ,66.0,5,1.均線糾結、2.極致量縮、4.外資連買3天、5.法人今日同買、7.站上20周線
2026-10-02,2455,全新            ,580.0,5,2.極致量縮、3.帶量突破、4.外資連買3天、6.KD黃金交叉、7.站上20周線
2026-10-02,1402,遠東新          ,28.05,5,1.均線糾結、2.極致量縮、4.外資連買3天、5.法人今日同買、7.站上20周線
2026-10-02,2377,微星            ,155.0,5,1.均線糾結、2.極致量縮、5.法人今日同買、6.KD黃金交叉、7.站上20周線
2026-10-02,1309,台達化          ,14.3,5,1.均線糾結、2.極致量縮、3.帶量突破、6.KD黃金交叉、7.站上20周線
2026-10-02,2338,光罩            ,49.65,5,2.極致量縮、3.帶量突破、4.外資連買3天、6.KD黃金交叉、7.站上20周線
2026-10-02,1504,東元            ,69.7,5,1.均線糾結、2.極致量縮、4.外資連買3天、5.法人今日同買、7.站上20周線
2026-10-02,6531,愛普*           ,1000.0,5,2.極致量縮、3.帶量突破、5.法人今日同買、6.KD黃金交叉、7.站上20周線
2026-10-02,4904,遠傳            ,106.0,5,1.均線糾結、2.極致量縮、4.外資連買3天、6.KD黃金交叉、7.站上20周線
2026-10-02,2606,裕民            ,75.9,5,2.極致量縮、4.外資連買3天、5.法人今日同買、6.KD黃金交叉、7.站上20周線
2026-10-02,3044,健鼎            ,542.0,5,2.極致量縮、4.外資連買3天、5.法人今日同買、6.KD黃金交叉、7.站上20周線
2026-10-02,2421,建準            ,166.0,5,2.極致量縮、4.外資連買3天、5.法人今日同買、6.KD黃金交叉、7.站上20周線
2026-10-02,6442,光聖            ,1625.0,5,2.極致量縮、3.帶量突破、5.法人今日同買、6.KD黃金交叉、8.跳空缺口
2026-10-02,1313,聯成            ,12.65,4,1.均線糾結、4.外資連買3天、6.KD黃金交叉、7.站上20周線
2026-10-02,2412,中華電          ,146.0,4,1.均線糾結、2.極致量縮、4.外資連買3天、7.站上20周線
2026-10-02,1714,和桐            ,16.85,4,1.均線糾結、2.極致量縮、3.帶量突破、7.站上20周線
2026-10-02,9933,中鼎            ,45.8,4,3.帶量突破、4.外資連買3天、6.KD黃金交叉、7.站上20周線
2026-10-02,6834,天二科技        ,131.0,4,2.極致量縮、3.帶量突破、7.站上20周線、8.跳空缺口
2026-10-02,1305,華夏            ,12.55,4,1.均線糾結、2.極致量縮、3.帶量突破、7.站上20周線
2026-10-02,3090,日電貿          ,173.5,4,1.均線糾結、2.極致量縮、3.帶量突破、5.法人今日同買
2026-10-02,3045,台灣大          ,122.0,4,2.極致量縮、4.外資連買3天、5.法人今日同買、7.站上20周線
2026-10-02,3714,富采            ,70.8,4,2.極致量縮、3.帶量突破、5.法人今日同買、7.站上20周線
2026-10-02,3037,欣興            ,1305.0,4,2.極致量縮、4.外資連買3天、5.法人今日同買、7.站上20周線
2026-10-02,3450,聯鈞            ,543.0,4,1.均線糾結、3.帶量突破、6.KD黃金交叉、7.站上20周線
2026-10-02,3701,大眾控          ,55.4,4,3.帶量突破、4.外資連買3天、7.站上20周線、8.跳空缺口
2026-10-02,1560,中砂            ,1015.0,4,2.極致量縮、4.外資連買3天、5.法人今日同買、7.站上20周線
2026-10-02,8070,長華*           ,50.7,4,1.均線糾結、2.極致量縮、4.外資連買3天、7.站上20周線
2026-10-02,1718,中纖            ,10.75,4,1.均線糾結、2.極致量縮、6.KD黃金交叉、7.站上20周線
2026-10-02,2408,南亞科          ,526.0,4,2.極致量縮、4.外資連買3天、5.法人今日同買、7.站上20周線
2026-10-02,2886,兆豐金          ,48.85,4,1.均線糾結、2.極致量縮、5.法人今日同買、7.站上20周線
2026-10-02,4977,眾達-KY         ,175.5,4,2.極致量縮、6.KD黃金交叉、7.站上20周線、8.跳空缺口
2026-10-02,2344,華邦電          ,179.0,4,1.均線糾結、2.極致量縮、4.外資連買3天、7.站上20周線
2026-10-02,1711,永光            ,43.0,3,1.均線糾結、3.帶量突破、7.站上20周線
2026-10-02,2313,華通            ,226.0,3,1.均線糾結、2.極致量縮、5.法人今日同買
2026-10-02,1310,台苯            ,9.61,3,1.均線糾結、3.帶量突破、7.站上20周線
2026-10-02,2855,統一證          ,57.6,3,2.極致量縮、5.法人今日同買、7.站上20周線
2026-10-02,6239,力成            ,308.0,3,3.帶量突破、5.法人今日同買、7.站上20周線
2026-10-02,4927,泰鼎-KY         ,48.15,3,3.帶量突破、4.外資連買3天、7.站上20周線
2026-10-02,2881,富邦金          ,150.5,3,2.極致量縮、5.法人今日同買、7.站上20周線
2026-10-02,1709,和益            ,58.5,3,4.外資連買3天、7.站上20周線、8.跳空缺口
2026-10-02,2882,國泰金          ,111.5,3,2.極致量縮、5.法人今日同買、7.站上20周線
2026-10-02,6770,力積電          ,76.5,3,2.極致量縮、5.法人今日同買、7.站上20周線
2026-10-02,8046,南電            ,1460.0,3,4.外資連買3天、5.法人今日同買、7.站上20周線
2026-10-02,8110,華東            ,49.95,3,2.極致量縮、3.帶量突破、7.站上20周線
2026-10-02,2444,兆勁            ,16.5,3,3.帶量突破、6.KD黃金交叉、7.站上20周線
2026-10-02,1710,東聯            ,17.15,3,2.極致量縮、4.外資連買3天、7.站上20周線
2026-10-02,6269,台郡            ,66.1,3,1.均線糾結、2.極致量縮、7.站上20周線
2026-10-02,2027,大成鋼          ,48.05,3,1.均線糾結、2.極致量縮、7.站上20周線
2026-10-02,6202,盛群            ,63.2,3,1.均線糾結、3.帶量突破、7.站上20周線
2026-10-02,3189,景碩            ,1050.0,3,4.外資連買3天、5.法人今日同買、7.站上20周線
2026-10-02,2618,長榮航          ,42.35,3,1.均線糾結、5.法人今日同買、7.站上20周線
2026-10-02,5876,上海商銀        ,48.95,3,2.極致量縮、5.法人今日同買、7.站上20周線
2026-10-02,2393,億光            ,65.4,3,1.均線糾結、4.外資連買3天、7.站上20周線
2026-10-02,5880,合庫金          ,26.15,3,2.極致量縮、5.法人今日同買、7.站上20周線
2026-10-02,2337,旺宏            ,122.0,3,1.均線糾結、2.極致量縮、5.法人今日同買
2026-10-02,3481,群創            ,52.8,3,1.均線糾結、5.法人今日同買、7.站上20周線
2026-10-02,1802,台玻            ,59.5,3,1.均線糾結、2.極致量縮、5.法人今日同買
2026-10-02,8150,南茂            ,127.0,3,4.外資連買3天、5.法人今日同買、7.站上20周線
2026-10-02,1409,新纖            ,24.95,3,1.均線糾結、2.極致量縮、7.站上20周線
2026-10-02,2303,聯電            ,161.5,3,2.極致量縮、5.法人今日同買、7.站上20周線
2026-10-02,1326,台化            ,71.7,3,3.帶量突破、5.法人今日同買、7.站上20周線
2026-10-02,2492,華新科          ,361.5,3,3.帶量突破、5.法人今日同買、7.站上20周線
2026-10-02,7788,松川精密        ,307.0,3,2.極致量縮、3.帶量突破、7.站上20周線
2026-10-02,8215,明基材          ,29.7,3,2.極致量縮、4.外資連買3天、7.站上20周線
2026-10-02,1308,亞聚            ,14.45,3,1.均線糾結、2.極致量縮、7.站上20周線
2026-10-02,3711,日月光投控      ,713.0,3,2.極致量縮、4.外資連買3天、7.站上20周線
2026-10-02,2352,佳世達          ,29.2,3,1.均線糾結、2.極致量縮、7.站上20周線
2026-10-02,3030,德律            ,300.0,3,1.均線糾結、3.帶量突破、4.外資連買3天
2026-10-02,4916,事欣科          ,104.5,3,1.均線糾結、2.極致量縮、7.站上20周線
2026-10-02,1102,亞泥            ,35.6,3,1.均線糾結、4.外資連買3天、7.站上20周線
2026-10-02,5608,四維航          ,17.15,3,2.極致量縮、4.外資連買3天、7.站上20周線
2026-10-02,3019,亞光            ,139.0,3,1.均線糾結、2.極致量縮、4.外資連買3天
2026-10-02,1717,長興            ,74.2,3,1.均線糾結、2.極致量縮、7.站上20周線
2026-10-02,3605,宏致            ,170.5,3,2.極致量縮、5.法人今日同買、7.站上20周線
2026-10-02,2023,燁輝            ,13.9,3,1.均線糾結、4.外資連買3天、7.站上20周線
2026-10-02,6191,精成科          ,84.7,3,1.均線糾結、4.外資連買3天、5.法人今日同買
2026-10-02,6108,競國            ,25.7,3,2.極致量縮、4.外資連買3天、7.站上20周線
2026-10-02,2441,超豐            ,126.5,3,2.極致量縮、5.法人今日同買、7.站上20周線
2026-10-02,2328,廣宇            ,47.95,3,1.均線糾結、2.極致量縮、4.外資連買3天
2026-10-02,3591,艾笛森          ,28.3,3,2.極致量縮、4.外資連買3天、7.站上20周線
2026-10-02,3311,閎暉            ,49.65,3,4.外資連買3天、7.站上20周線、8.跳空缺口
2026-10-02,2614,東森            ,19.25,3,1.均線糾結、4.外資連買3天、7.站上20周線
2026-10-02,3029,零壹            ,118.0,3,2.極致量縮、4.外資連買3天、7.站上20周線
2026-10-02,1316,上曜            ,10.55,3,1.均線糾結、2.極致量縮、7.站上20周線
2026-10-02,2891,中信金          ,67.3,3,1.均線糾結、2.極致量縮、7.站上20周線
2026-10-02,1319,東陽            ,78.1,3,1.均線糾結、2.極致量縮、4.外資連買3天
2026-10-02,6005,群益證          ,32.0,3,1.均線糾結、2.極致量縮、7.站上20周線
2026-10-02,6691,洋基工程        ,741.0,3,4.外資連買3天、5.法人今日同買、7.站上20周線
2026-10-02,6168,宏齊            ,46.0,3,2.極致量縮、4.外資連買3天、7.站上20周線
2026-10-02,2383,台光電          ,5185.0,3,2.極致量縮、5.法人今日同買、7.站上20周線
2026-10-02,1513,中興電          ,167.5,3,1.均線糾結、5.法人今日同買、7.站上20周線
2026-10-02,2820,華票            ,16.7,3,1.均線糾結、2.極致量縮、7.站上20周線
2026-10-02,2637,慧洋-KY         ,98.8,3,2.極致量縮、5.法人今日同買、7.站上20周線
2026-10-02,1608,華榮            ,36.25,3,1.均線糾結、2.極致量縮、7.站上20周線
2026-10-02,6271,同欣電          ,234.5,3,2.極致量縮、6.KD黃金交叉、7.站上20周線
2026-10-02,2009,第一銅          ,39.3,3,1.均線糾結、2.極致量縮、7.站上20周線
2026-10-02,2357,華碩            ,962.0,3,2.極致量縮、4.外資連買3天、7.站上20周線
2026-10-02,3661,世芯-KY         ,3810.0,3,1.均線糾結、2.極致量縮、5.法人今日同買
2026-10-02,2468,華經            ,45.35,3,2.極致量縮、4.外資連買3天、7.站上20周線
2026-10-02,3022,威強電          ,91.5,3,1.均線糾結、2.極致量縮、7.站上20周線
2026-10-02,2388,威盛            ,73.2,3,1.均線糾結、2.極致量縮、4.外資連買3天
2026-10-02,6139,亞翔            ,775.0,3,1.均線糾結、5.法人今日同買、7.站上20周線
2026-10-02,6526,達發            ,835.0,3,4.外資連買3天、5.法人今日同買、7.站上20周線
2026-10-02,9921,巨大            ,91.4,3,1.均線糾結、2.極致量縮、7.站上20周線
2026-10-02,6112,邁達特          ,47.65,3,2.極致量縮、4.外資連買3天、7.站上20周線
2026-10-02,2851,中再保          ,45.95,3,2.極致量縮、4.外資連買3天、7.站上20周線
2026-10-02,1904,正隆            ,24.2,3,1.均線糾結、2.極致量縮、7.站上20周線
2026-10-02,2451,創見            ,290.0,3,1.均線糾結、2.極致量縮、7.站上20周線
2026-10-02,2316,楠梓電          ,170.5,3,1.均線糾結、3.帶量突破、7.站上20周線
2026-10-02,8033,雷虎            ,175.0,3,2.極致量縮、4.外資連買3天、7.站上20周線
2026-10-02,2474,可成            ,207.0,3,1.均線糾結、2.極致量縮、7.站上20周線
2026-10-02,3702,大聯大          ,119.0,3,2.極致量縮、6.KD黃金交叉、7.站上20周線
2026-10-02,2836,高雄銀          ,12.0,3,1.均線糾結、2.極致量縮、7.站上20周線
2026-10-02,4763,材料*-KY        ,47.15,3,1.均線糾結、2.極致量縮、7.站上20周線
2026-10-02,6177,達麗            ,46.0,3,1.均線糾結、2.極致量縮、7.站上20周線
2026-10-02,1909,榮成            ,10.1,3,1.均線糾結、2.極致量縮、7.站上20周線
2026-10-02,2610,華航            ,20.35,3,1.均線糾結、2.極致量縮、7.站上20周線
2026-10-02,2363,矽統            ,62.4,3,2.極致量縮、3.帶量突破、7.站上20周線
2026-10-02,2812,台中銀          ,18.75,3,1.均線糾結、2.極致量縮、7.站上20周線
2026-10-02,4938,和碩            ,89.2,3,1.均線糾結、2.極致量縮、7.站上20周線
2026-10-02,3706,神達            ,81.3,3,1.均線糾結、2.極致量縮、7.站上20周線
2026-10-02,2633,台灣高鐵        ,25.75,3,1.均線糾結、2.極致量縮、7.站上20周線
2026-10-02,2201,裕隆            ,28.65,3,1.均線糾結、2.極致量縮、7.站上20周線
2026-10-02,9904,寶成            ,24.7,3,1.均線糾結、2.極致量縮、7.站上20周線
2026-10-02,2845,遠東銀          ,12.9,3,1.均線糾結、2.極致量縮、7.站上20周線
2026-10-02,3231,緯創            ,186.5,3,1.均線糾結、2.極致量縮、7.站上20周線
